ID,Age,Gender,Personality,NoR,Gym/Workout Session (10-60min),Breathing Exercises,Yoga/Meditation,Listening to Music,Surf Social Media/YouTube (staying time conscious!),Watch Romantic Movie/Series,Call/See/Hug friends,Call/See/Hug family members,Go out for a Walk/Run/Drive,Take/Plan a vacation or travel,Get more sleep/Take a nap,Go out for dinner/club/bar,Drink some coffee (moderately),"Get Creative: Draw, Paint, Play an instrument",Go shopping,Watch Comedy Movie/Series,Create a schedule/Organize your time/Declutter,Study/Learn something new,Gaming (staying time conscious!),Eat/Cook/Prepare a Meal,Watch Action Movie/Series,Reading,Write down how you feel/what you're grateful for
1,20,1,0,23,1,0,0,1,1,0,1,1,1,1,1,1,0,0,1,1,0,0,0,0,0,0,0
2,21,0,1,23,0,0,0,0,0,0,0,0,0,0,0,0,0,0,0,0,0,0,0,0,0,0,0
3,20,0,0,23,0,0,0,0,0,0,0,0,0,0,1,1,0,0,0,0,0,0,0,1,0,0,0
4,19,0,2,23,1,0,0,1,0,0,1,0,1,1,0,0,0,0,0,0,1,1,0,0,0,0,0
5,20,0,3,23,1,1,1,1,0,0,1,0,0,1,1,1,0,0,1,1,0,1,0,0,0,0,0
6,26,1,0,23,0,0,0,1,0,0,0,0,0,1,1,0,0,0,0,1,0,0,0,0,1,0,0
7,20,1,3,23,0,0,0,1,1,1,1,1,1,1,1,0,1,0,1,1,0,1,0,1,0,0,0
8,18,0,3,23,1,0,0,1,0,0,1,1,0,0,0,1,0,0,0,0,1,1,1,1,1,1,0
9,20,0,0,23,1,0,0,0,0,0,0,0,1,0,0,0,0,0,0,0,0,0,0,0,0,0,0
10,19,1,4,23,1,0,0,1,1,0,1,0,0,0,0,0,0,0,1,1,0,0,0,0,0,0,0
11,20,0,5,23,0,0,0,0,1,0,1,0,1,0,0,1,0,0,1,0,0,0,1,1,0,0,0
12,19,0,2,23,0,0,0,0,0,0,0,0,1,0,0,0,0,0,0,0,1,1,0,0,0,0,0
13,20,0,2,23,1,0,0,0,0,0,0,0,0,0,0,0,0,0,0,0,0,0,0,0,0,0,0
14,20,1,1,23,0,0,0,0,0,0,1,1,0,0,0,0,0,0,0,0,0,0,0,0,0,0,1
15,21,1,6,23,1,0,0,1,0,1,0,0,1,1,0,1,0,0,0,1,0,0,0,1,1,0,0
16,20,1,7,23,1,0,0,1,1,1,1,1,1,1,0,0,0,0,1,1,1,0,0,1,0,0,0
17,20,0,5,23,1,0,0,1,0,0,1,0,0,0,0,1,0,0,0,0,0,0,1,0,0,0,0
18,20,1,6,23,0,0,0,1,1,1,1,1,0,1,0,1,0,0,0,1,0,0,0,1,0,1,0
19,18,1,3,23,1,0,0,1,1,1,1,1,1,1,0,1,0,0,0,0,1,0,0,1,0,0,0
20,19,0,6,23,0,0,0,1,0,0,0,0,0,0,0,0,0,0,0,0,0,0,0,0,0,0,0
21,20,0,6,23,1,0,0,0,0,0,0,0,0,0,0,0,0,0,0,0,0,0,0,0,0,0,0
22,20,1,3,23,1,0,0,1,0,0,1,1,1,0,0,1,1,0,0,0,1,1,0,1,0,0,0
23,19,0,2,23,1,0,0,0,0,0,0,0,1,0,0,1,0,0,1,0,0,1,0,0,0,0,0
24,21,0,1,23,0,0,0,0,0,0,1,0,0,0,0,0,0,0,0,1,0,0,0,0,0,0,0
25,20,0,7,23,1,0,0,1,0,0,1,0,0,0,0,1,0,0,0,0,0,0,1,1,0,0,0
26,20,3,3,23,0,0,0,0,0,0,0,0,0,0,0,0,0,0,0,0,0,1,0,0,0,0,0
27,20,1,3,23,1,0,0,1,0,1,0,0,1,0,0,1,1,0,1,1,0,0,0,1,1,0,0
28,20,1,1,23,0,0,0,0,0,0,1,1,1,0,0,1,0,0,1,0,0,0,0,1,0,0,0
29,19,1,6,23,1,0,0,1,1,0,1,1,1,0,0,0,0,0,0,0,0,1,1,0,0,0,0
30,20,0,2,23,1,0,0,1,1,1,1,1,1,1,0,1,0,0,0,1,0,0,0,1,1,0,0
31,20,1,3,23,0,0,0,1,0,0,1,1,0,0,0,1,0,0,1,1,0,0,1,1,0,0,0
32,19,0,6,23,1,0,0,1,0,0,1,0,0,1,0,1,0,0,1,1,0,0,1,1,1,0,0
33,14,1,7,23,1,0,1,1,1,1,1,1,1,1,0,1,0,0,1,1,0,1,1,1,1,0,0
34,20,3,6,23,0,0,0,0,0,0,0,0,0,0,0,0,0,0,0,0,0,1,1,0,0,0,0
35,20,1,2,23,0,0,0,0,0,0,0,0,0,1,0,1,0,0,0,0,0,0,0,1,0,0,0
36,17,3,2,23,1,0,0,1,1,1,1,1,1,1,0,1,0,0,1,1,0,0,0,1,1,0,1
37,20,0,2,23,1,0,0,1,0,0,0,0,0,0,0,1,0,0,0,0,0,0,0,0,0,0,0
38,19,0,5,23,0,0,0,0,0,0,0,0,0,1,0,1,0,0,0,0,0,0,0,1,1,1,0
39,19,1,3,23,0,0,0,1,0,0,1,1,0,1,0,1,0,0,1,0,0,0,0,0,0,0,0
40,20,0,4,23,1,0,0,1,1,0,1,1,1,1,0,1,0,0,1,1,0,1,1,1,1,0,0
41,21,0,6,23,1,0,0,1,1,1,1,1,1,1,1,0,0,0,0,1,0,0,0,1,1,0,0
42,16,1,6,23,0,0,1,1,0,0,1,1,1,1,0,1,1,0,1,1,1,1,0,1,1,1,1
43,18,0,2,23,1,0,0,1,0,1,1,1,1,1,0,1,0,0,0,1,0,1,1,1,0,0,0
44,20,1,3,23,1,1,1,0,0,0,0,0,1,1,0,0,0,0,0,1,1,1,0,1,0,0,0
45,20,1,2,23,1,0,0,1,0,0,1,1,1,1,0,1,1,0,0,0,1,0,0,0,0,1,0
46,0,1,6,23,0,0,0,1,1,0,0,0,0,0,0,0,0,0,0,0,0,0,0,1,0,1,0
47,20,0,0,23,1,0,0,1,1,0,1,0,0,0,0,1,0,0,0,0,0,0,1,1,0,0,0
48,18,0,5,23,1,0,0,1,1,0,1,0,0,0,0,0,0,0,0,0,0,1,0,0,0,0,0
49,21,1,1,23,0,0,0,1,1,1,1,1,0,0,0,1,0,0,1,1,0,0,0,1,1,1,0
50,19,1,5,23,1,1,1,1,0,0,1,1,1,1,0,1,0,0,1,0,1,1,1,1,0,1,1
51,20,0,2,23,0,0,0,0,1,0,0,0,0,0,0,0,0,0,0,0,0,0,1,0,0,0,0
52,54,1,3,23,0,0,0,0,0,0,0,0,0,0,0,0,0,0,0,0,1,0,0,0,0,0,0
53,20,4,0,23,1,0,1,1,1,1,1,1,1,1,0,1,1,0,1,1,0,1,0,1,1,0,0
54,19,0,6,23,0,0,0,1,0,0,0,0,0,0,0,0,0,0,0,0,0,0,1,0,0,1,0
55,60,0,2,23,1,0,0,1,0,0,0,0,0,1,0,1,1,0,0,0,0,0,0,0,1,0,0
56,18,0,3,23,1,1,1,1,0,0,1,0,1,1,0,1,1,0,0,1,0,0,0,0,1,1,0
57,20,1,1,23,0,0,0,1,0,0,1,1,0,0,0,1,0,0,1,0,0,1,0,1,0,0,0
58,19,0,3,23,1,1,1,1,1,1,1,1,1,1,1,1,1,0,1,1,1,1,1,1,1,1,1
59,20,1,3,23,0,0,0,1,1,1,1,1,0,1,0,1,0,0,1,1,0,0,0,0,1,0,0
60,21,0,2,23,1,0,0,1,1,0,1,1,1,0,0,1,0,0,1,1,0,0,1,1,1,0,0
61,19,0,6,23,0,0,0,1,0,0,0,0,0,0,0,0,0,0,0,0,0,0,1,0,0,1,0
62,19,0,2,23,0,0,0,1,1,1,1,1,0,0,0,1,0,0,0,1,0,0,1,0,1,0,0
63,20,0,2,23,0,0,0,0,0,0,1,0,0,0,0,0,0,0,0,0,0,0,0,0,0,0,0
64,20,1,1,23,1,1,1,1,0,1,0,0,1,1,0,1,1,0,1,1,1,1,1,0,0,1,1
65,16,0,5,23,1,0,0,0,0,0,0,0,0,0,0,0,0,0,0,1,0,0,1,0,1,0,0
66,20,0,2,23,0,0,0,1,1,0,1,1,1,1,0,1,0,0,0,1,0,0,0,1,1,0,0
67,20,1,5,23,1,0,0,1,1,0,1,1,1,1,0,1,0,0,0,1,0,0,0,1,1,1,0
68,19,0,1,23,1,0,0,1,0,0,1,1,0,1,0,1,0,0,0,0,0,0,0,0,0,0,0
69,16,0,3,23,0,0,0,1,0,0,1,1,0,1,0,1,0,0,0,0,0,0,0,1,0,0,0
70,19,1,0,23,1,0,0,1,1,0,1,1,1,0,0,1,0,0,0,1,1,1,1,1,1,0,0
71,18,1,1,23,1,0,0,1,1,1,1,1,1,1,0,0,0,0,0,1,0,0,0,0,1,0,0
72,20,0,6,23,0,0,0,1,0,0,0,0,0,0,0,0,0,0,0,1,0,0,0,0,0,0,0
73,20,1,7,23,1,0,0,1,0,0,0,0,0,1,0,0,0,0,0,0,0,1,0,0,1,0,0
74,38,0,2,23,1,0,0,0,0,0,1,1,0,1,0,1,0,0,1,0,0,1,0,1,0,0,0
75,21,1,6,23,0,0,0,0,1,0,1,0,1,1,0,1,1,0,0,0,0,0,1,0,0,0,0
76,20,0,2,23,0,0,0,1,0,0,0,0,1,0,0,0,0,0,0,0,0,1,0,0,0,1,0
77,20,0,3,23,1,0,0,0,0,0,0,0,0,1,0,1,0,0,1,0,0,0,0,0,0,0,0
78,16,0,3,23,1,0,0,1,1,0,1,1,1,0,1,0,0,0,0,0,0,1,0,1,0,0,0
79,19,1,1,23,1,0,0,1,1,0,1,1,0,0,0,0,0,0,0,1,0,0,1,0,1,0,0
80,24,0,6,23,1,0,0,1,0,0,1,1,1,1,0,0,0,0,0,1,0,0,0,0,1,1,1
81,19,0,5,23,1,0,0,0,0,0,1,0,0,0,0,0,0,0,1,1,1,1,1,0,1,1,0
82,54,1,0,23,1,0,0,1,1,0,1,0,0,0,0,0,0,0,0,0,1,0,1,0,0,0,0
83,21,1,5,23,1,1,0,1,0,1,1,1,1,1,0,1,1,0,1,1,1,0,0,0,0,0,1
84,20,1,3,23,1,0,0,0,0,0,0,1,1,0,0,0,0,0,0,0,0,0,0,0,0,0,0
85,21,0,2,23,0,1,0,1,0,0,0,1,0,0,0,0,0,0,0,0,0,0,0,1,0,0,0
86,20,0,2,23,1,0,0,1,0,0,1,1,0,0,0,1,0,0,0,0,0,0,0,0,0,0,0
87,20,0,4,23,1,0,0,1,1,0,1,1,1,1,0,1,0,0,0,1,0,1,1,0,1,0,0
88,20,0,2,23,1,0,0,0,0,0,0,0,0,0,0,1,0,0,0,1,0,0,1,0,0,0,0
89,20,0,3,23,1,0,0,0,0,0,0,0,0,0,0,0,0,0,0,0,0,0,0,0,0,0,0
90,20,0,4,23,0,0,0,1,1,1,1,0,1,0,0,1,0,0,0,1,0,1,1,1,1,0,0
91,14,1,3,23,0,0,0,1,0,1,1,1,0,0,0,0,0,0,0,1,1,1,0,0,1,0,1
92,14,0,1,23,0,0,0,1,1,1,1,0,0,0,0,0,0,0,1,1,0,1,0,1,1,0,0
93,21,1,6,23,0,0,0,1,0,0,0,0,1,0,0,0,0,0,0,0,0,0,0,0,0,0,0
94,21,1,3,23,0,0,0,1,0,0,1,1,1,1,0,1,0,0,0,1,1,1,0,0,0,1,0
95,19,0,6,23,0,1,1,1,1,1,1,1,1,1,0,1,0,0,1,1,0,0,0,1,1,0,0
96,18,0,2,23,0,0,0,1,0,0,1,0,0,0,0,0,0,0,0,0,0,0,0,0,0,0,0
97,20,1,3,23,1,0,0,0,0,0,0,1,0,0,0,0,0,0,0,0,0,0,0,0,1,0,0
98,20,1,4,23,1,0,0,1,0,0,1,1,1,1,0,1,0,0,1,0,1,0,0,0,0,0,0
99,16,1,4,23,1,0,0,1,1,1,1,1,1,1,1,1,0,0,1,1,0,0,0,1,1,0,0
100,34,0,0,23,0,0,0,1,1,1,1,0,0,1,0,0,0,0,0,0,0,0,0,0,0,0,0
101,52,1,3,23,0,1,0,1,0,1,0,0,0,0,0,0,0,0,0,0,0,0,0,1,0,0,0
102,21,1,6,23,1,0,0,1,0,1,0,0,1,1,0,1,0,0,0,1,1,1,0,1,0,0,0
103,19,1,5,23,1,0,1,1,1,1,1,1,0,1,0,1,1,0,1,1,1,1,1,1,1,0,1
104,16,1,7,23,1,0,0,1,0,1,1,0,1,0,0,1,0,0,1,1,0,0,1,0,0,1,0
105,20,1,3,23,1,0,0,1,0,1,1,1,1,1,0,1,0,0,0,1,0,0,0,1,1,0,0
106,48,0,1,23,0,0,0,1,0,1,1,1,0,0,0,1,0,0,0,1,1,1,0,0,1,0,0
107,14,1,1,23,1,0,0,1,0,0,1,0,0,1,0,1,0,0,0,0,0,0,0,0,0,0,0
108,26,1,2,23,1,0,0,1,0,0,1,0,1,1,0,1,0,0,1,0,0,1,0,0,0,1,0
109,48,1,3,23,1,0,0,0,0,0,1,1,0,0,0,0,0,0,1,0,0,0,0,1,0,0,0
110,20,0,5,23,0,0,0,0,0,0,1,1,0,1,0,1,1,0,1,0,0,0,0,1,0,0,0
111,44,0,3,23,0,0,0,1,1,1,1,1,1,0,0,1,0,0,0,1,0,0,1,1,1,0,0
112,20,0,7,23,1,0,0,0,0,0,0,0,1,0,0,0,0,0,0,0,0,0,0,0,0,0,0
113,21,1,6,23,0,0,0,1,1,1,1,1,1,1,0,1,0,0,1,1,1,1,1,1,1,0,0
114,20,1,6,23,1,0,0,1,0,1,0,1,1,0,0,1,0,0,0,1,0,0,0,0,0,1,0
115,20,0,7,23,1,0,0,1,0,0,1,1,1,1,0,1,0,0,0,0,0,0,0,0,0,0,0
116,21,1,0,23,0,0,0,1,1,0,1,0,0,0,0,0,0,0,0,0,0,0,0,1,0,1,0
117,55,1,3,23,1,0,0,1,0,1,1,1,1,1,1,1,1,0,0,1,1,1,0,1,0,1,0
118,48,1,1,23,0,0,0,0,1,1,1,1,0,0,0,1,0,0,1,0,0,0,0,0,0,1,0
119,20,0,2,23,1,0,0,1,1,1,1,0,1,1,0,1,0,0,1,1,0,0,0,0,0,0,0
120,20,0,3,23,0,0,0,1,0,0,1,0,1,1,0,0,0,0,0,0,0,1,0,0,0,0,0
121,20,0,0,23,1,0,0,1,1,0,0,0,0,0,0,1,0,0,0,1,0,0,0,1,0,0,0
122,48,1,4,23,1,0,0,1,1,0,1,0,0,0,0,1,0,0,0,0,0,0,1,1,0,0,0
123,19,1,7,23,1,0,0,0,0,0,0,0,1,1,0,1,0,0,0,0,0,1,0,0,0,0,0
124,48,1,7,23,1,0,0,1,0,0,1,0,1,1,0,0,0,0,0,0,0,0,0,0,0,0,0
125,20,0,3,23,1,0,0,1,1,1,1,0,0,0,0,1,1,0,0,0,0,0,0,1,0,0,0
126,49,1,5,23,1,0,0,1,0,0,1,1,1,1,0,1,1,0,0,1,0,1,1,1,1,0,0
127,20,0,7,23,0,0,0,0,0,0,0,1,0,0,0,0,0,0,1,0,1,1,0,0,0,0,0
128,19,1,0,23,1,0,0,1,0,0,1,1,1,1,0,0,0,0,1,1,0,0,1,0,1,0,0
129,20,0,3,23,0,0,0,1,0,1,1,1,1,0,0,1,0,0,1,1,0,0,0,0,0,0,0
130,52,1,0,23,1,0,0,1,0,0,1,1,1,1,0,1,1,0,0,1,0,1,1,1,1,0,0
131,20,1,2,23,0,0,0,0,0,0,1,0,1,0,0,1,0,0,1,1,0,0,0,0,0,0,0
132,19,1,6,23,1,0,1,1,1,1,1,1,1,1,0,1,1,0,1,1,1,1,0,1,1,1,1
133,17,0,7,23,1,0,1,1,1,0,1,1,1,1,0,1,0,0,1,1,0,1,0,1,0,1,1
134,20,1,2,23,1,0,0,1,0,0,1,0,1,0,0,1,0,0,0,0,0,1,1,1,0,0,0
135,20,0,6,23,1,0,0,1,0,0,1,1,1,0,0,1,0,0,0,1,0,1,1,1,1,0,0
136,41,0,0,23,1,0,0,1,1,0,0,0,0,0,0,0,1,0,0,1,0,1,1,1,0,0,0
137,20,1,0,23,1,0,0,0,1,0,0,0,0,1,1,1,1,0,0,1,0,0,0,0,1,0,0
138,30,1,0,23,1,0,0,0,0,0,0,0,1,1,0,1,0,0,0,0,0,0,0,0,0,0,0
139,32,1,0,23,0,0,0,1,0,0,0,0,0,1,0,1,0,0,0,0,0,0,0,0,0,0,0
140,31,0,5,23,1,0,0,0,0,0,0,1,1,0,0,0,0,0,1,1,0,1,1,1,0,0,0
141,20,1,1,23,1,0,0,1,1,0,1,1,1,1,0,1,1,0,1,1,1,1,1,1,1,1,0
142,21,1,1,23,1,0,0,1,1,0,1,1,1,0,1,1,0,0,1,1,1,0,0,1,0,1,0
143,17,0,2,23,1,0,0,1,0,0,1,0,0,1,0,1,1,0,1,1,0,0,0,0,0,1,0
144,29,0,0,23,1,0,0,0,1,0,1,1,1,0,0,1,1,0,0,1,0,1,1,1,1,0,0
145,18,0,6,23,1,0,0,0,0,0,1,1,1,1,0,1,0,0,0,0,0,0,0,0,0,0,0
146,20,1,2,23,0,0,0,1,1,0,1,0,1,0,0,0,0,0,1,1,0,0,1,0,0,0,0
147,20,1,3,23,1,0,0,1,0,1,1,0,1,0,0,0,0,0,1,1,0,0,1,1,0,0,0
148,18,1,6,23,1,0,0,1,1,0,1,0,0,0,0,0,0,0,0,0,0,0,1,1,0,1,0
149,20,1,7,23,1,0,1,1,1,1,1,1,0,1,0,1,0,0,1,1,0,1,1,0,0,1,0
150,18,1,2,23,1,0,0,1,0,0,1,1,1,1,1,0,0,0,1,1,0,1,0,1,0,1,0
151,29,1,0,23,1,0,0,1,0,1,1,1,1,0,0,1,0,0,1,1,0,1,0,1,1,1,0
152,25,1,0,23,1,0,0,0,0,0,0,0,1,1,0,1,0,0,0,0,0,0,0,1,0,0,0
153,18,1,6,23,0,0,0,1,0,0,1,0,1,1,1,0,0,0,0,0,0,0,0,0,0,0,0
154,27,1,2,23,0,0,0,1,1,1,1,1,0,0,0,0,0,0,0,1,0,0,1,1,1,0,0
155,19,1,3,23,0,0,0,0,0,1,1,1,0,0,0,0,0,0,0,0,0,0,0,0,0,0,0
156,28,1,2,23,0,0,0,1,0,0,1,0,0,0,0,0,0,0,0,0,0,0,0,0,0,0,0
157,22,1,0,23,1,0,0,0,0,0,0,0,0,0,0,1,0,0,1,0,0,0,0,0,0,0,0
158,34,0,2,23,1,0,0,1,0,0,1,1,1,0,0,0,0,0,1,0,0,0,0,1,0,0,0
159,18,0,6,23,1,0,0,1,1,0,1,0,0,1,0,1,1,0,1,0,1,0,0,0,0,0,0
160,25,1,2,23,0,0,0,0,0,0,0,0,0,0,0,0,0,0,0,1,0,0,0,0,0,0,0
161,28,1,2,23,0,0,0,0,0,0,0,0,0,1,0,0,0,0,0,0,0,1,0,1,1,0,0
162,49,0,5,23,1,0,0,0,0,0,0,0,0,0,0,0,0,0,0,1,0,0,0,0,1,0,0
163,49,1,0,23,1,0,0,0,0,0,0,0,0,0,0,1,0,0,1,0,0,0,0,0,0,0,0
164,20,1,3,23,1,0,0,0,0,0,0,0,0,0,0,0,0,0,0,0,0,0,0,0,1,0,0
165,19,1,6,23,1,0,0,1,1,0,0,0,0,0,0,0,0,0,0,0,0,0,0,0,0,0,0
166,26,1,2,23,0,0,0,1,1,1,1,1,0,1,1,0,0,0,0,1,0,0,1,1,1,1,0
167,20,1,3,23,0,0,0,0,0,1,1,1,0,0,0,1,0,0,0,0,0,0,0,1,0,0,0
168,20,0,2,23,0,0,0,1,1,0,1,1,1,0,0,1,0,0,1,1,0,0,0,1,0,0,0
169,41,1,2,23,0,0,0,1,1,0,1,1,1,1,0,0,0,0,0,0,0,0,0,0,0,0,0
170,20,1,2,23,1,0,0,0,0,0,0,0,0,1,0,0,0,0,0,0,0,0,0,0,0,0,0
171,17,1,7,23,0,0,0,0,0,0,1,1,1,1,0,0,0,0,0,0,0,1,0,1,0,0,0
172,19,0,0,23,1,0,0,1,0,1,1,1,1,0,0,1,0,0,1,1,1,0,0,0,0,0,0
173,29,1,5,23,1,0,0,1,0,0,1,1,1,1,0,1,0,0,0,0,1,0,0,1,0,0,1
174,19,0,3,23,1,0,0,0,0,0,0,0,0,0,0,0,0,0,0,0,0,0,0,0,0,0,0
175,28,1,0,23,1,0,0,1,0,1,1,0,0,0,0,1,0,0,0,1,0,1,0,0,1,1,0
176,29,1,2,23,1,0,0,0,0,0,1,1,1,1,0,1,0,0,0,0,0,0,0,0,0,1,0
177,41,1,3,23,1,0,0,1,0,0,0,0,0,1,0,0,0,0,0,0,0,1,0,1,0,0,0
178,17,1,3,23,1,0,0,1,0,0,1,0,0,0,0,1,1,0,1,0,0,0,0,1,0,0,0
179,14,1,6,23,0,0,0,0,0,0,1,1,0,0,0,1,0,0,1,0,1,0,0,1,1,0,0
180,49,1,3,23,0,0,0,1,0,0,1,0,0,0,0,0,0,0,0,1,0,0,0,0,0,0,0
181,17,1,0,23,1,0,0,0,0,0,1,1,0,1,0,1,0,0,1,0,0,0,0,0,0,0,0
182,20,1,7,23,1,1,1,1,1,1,1,1,1,1,0,1,0,0,1,1,1,0,0,0,1,0,0
183,36,1,5,23,0,0,0,0,0,0,0,0,0,0,0,0,0,0,1,0,0,0,1,0,0,0,0
184,33,1,5,23,0,0,0,1,0,0,0,0,0,0,0,0,0,0,1,0,0,0,0,1,0,0,0
185,35,1,0,23,0,0,0,0,0,0,0,0,0,0,0,1,0,0,1,0,0,0,0,0,0,0,0
186,17,1,0,23,1,0,0,0,0,1,1,1,1,1,0,1,1,0,1,1,0,0,0,1,0,0,0
187,20,1,7,23,1,0,0,1,0,0,1,0,1,0,0,1,0,0,0,0,1,0,0,1,0,0,0
188,18,1,4,23,0,0,0,0,0,0,0,0,0,1,0,0,0,0,0,0,0,1,0,0,0,0,0
189,19,0,0,23,0,0,0,0,0,0,0,0,0,0,0,0,0,0,0,0,0,1,0,0,0,0,0
190,14,1,6,23,0,0,0,1,0,0,1,0,1,0,0,0,0,0,0,0,0,1,0,1,1,0,0
191,60,0,2,23,0,0,0,1,0,0,1,0,0,0,0,0,0,0,0,1,0,0,0,0,0,0,0
192,56,0,2,23,0,0,0,0,0,0,1,1,0,0,0,1,0,0,0,0,0,1,0,1,0,0,0
193,30,1,0,23,0,1,1,0,0,0,1,0,0,0,0,0,0,0,0,0,0,0,0,0,0,1,0
194,28,1,5,23,1,0,0,1,0,0,1,1,1,1,0,0,0,0,1,1,1,1,0,1,0,0,0
195,30,1,2,23,0,0,0,1,0,1,0,0,0,1,0,1,0,0,1,0,0,0,0,1,0,0,0
196,19,1,2,23,1,0,0,0,1,0,0,1,1,0,0,0,0,0,1,1,1,1,0,1,0,0,0
197,16,1,7,23,1,0,0,1,0,0,0,0,0,1,0,1,0,0,1,0,0,0,0,0,0,0,0
198,29,0,3,23,1,0,0,1,0,1,1,1,1,1,0,1,0,0,0,1,0,0,0,1,1,0,0
199,17,0,2,23,1,0,0,0,0,0,0,0,1,0,0,0,0,0,0,0,0,0,0,1,0,0,0
200,20,1,0,23,0,0,0,1,0,0,1,1,0,1,0,1,0,0,0,0,0,0,0,0,0,0,0
201,19,1,6,23,0,0,0,0,0,0,0,0,1,0,0,1,0,0,1,0,0,1,0,0,0,0,0
202,30,1,5,23,1,0,0,1,1,0,1,1,1,0,0,0,0,0,0,0,0,1,1,0,0,0,0
203,28,1,0,23,1,0,0,1,0,0,0,1,0,1,0,1,0,0,1,1,1,1,0,1,1,0,0
204,21,1,5,23,0,0,0,1,1,1,1,1,1,1,0,1,1,0,1,1,1,0,0,1,1,0,0
205,18,0,0,23,1,0,0,1,1,0,1,1,0,1,0,1,1,0,0,1,0,0,0,1,1,0,0
206,20,1,3,23,0,0,0,1,1,0,1,1,1,1,0,1,0,0,0,1,0,0,1,0,1,0,0
207,45,1,2,23,1,0,0,1,0,0,1,1,1,0,0,1,1,0,0,0,1,1,0,1,0,0,0
208,21,0,7,23,1,0,0,1,0,0,0,0,0,0,0,0,0,0,0,0,1,0,0,0,0,0,0
209,35,0,0,23,0,0,0,1,0,0,0,0,1,1,0,0,0,0,0,0,1,1,0,0,0,0,0
210,18,0,0,23,1,0,0,0,0,0,0,0,0,0,0,0,0,0,0,0,0,0,0,0,0,0,0
211,43,1,5,23,0,0,0,1,0,0,1,1,0,0,0,1,0,0,0,1,0,1,1,1,1,0,0
212,25,1,7,23,1,0,0,1,1,1,1,1,1,1,1,1,0,0,0,1,0,1,0,1,0,1,0
213,21,0,0,23,0,0,0,1,0,0,1,0,1,0,0,0,0,0,0,0,0,0,0,0,0,0,0
214,28,1,7,23,1,0,0,1,1,0,1,1,1,1,1,0,0,0,0,1,0,0,0,0,1,1,0
215,17,1,3,23,1,0,0,0,0,0,1,1,0,1,0,1,0,0,1,0,0,0,0,0,0,0,0
216,41,1,3,23,0,0,0,0,0,0,1,1,0,0,0,1,0,0,1,0,1,0,0,1,1,0,0
217,20,0,0,23,0,0,0,1,0,0,1,0,0,1,0,0,0,0,0,1,0,1,0,0,0,0,0
218,20,1,3,23,1,0,0,1,1,0,1,0,0,0,0,1,0,0,0,0,0,0,1,1,0,0,0
219,20,1,6,23,1,0,0,1,0,1,0,0,1,0,0,1,1,0,1,1,0,0,0,1,1,0,0
220,67,0,5,23,1,0,0,1,0,0,1,1,1,1,0,1,0,0,0,0,0,0,0,0,0,0,0
221,35,1,1,23,0,0,0,0,1,0,1,1,1,1,0,1,1,0,1,1,0,1,0,0,1,0,0
222,18,0,2,23,1,0,0,1,0,0,0,0,1,1,0,0,0,0,1,0,0,0,0,0,0,0,1
223,27,1,0,23,0,0,0,1,1,0,0,0,0,0,0,0,1,0,0,1,0,1,1,0,1,0,0
224,20,1,2,23,0,0,0,1,0,0,0,0,0,0,0,0,0,0,0,0,0,0,0,1,0,0,0
225,28,0,2,23,0,0,0,0,0,0,1,1,1,1,0,0,0,0,0,0,0,1,0,1,0,0,0
226,20,0,0,23,1,0,0,0,0,0,0,0,0,0,0,1,0,0,1,0,0,1,0,0,0,1,0
227,20,1,3,23,1,0,0,1,1,0,1,0,0,0,0,1,0,0,0,0,0,0,1,1,0,0,0
228,30,1,2,23,0,0,0,1,0,0,1,0,0,1,0,1,1,0,0,1,0,1,0,0,0,0,0
229,21,1,5,23,1,0,0,1,1,0,1,1,1,0,0,0,0,0,0,1,0,0,0,1,0,0,0
230,22,0,1,23,1,0,0,1,1,1,1,1,0,0,0,1,0,0,1,0,0,1,0,1,0,0,0
231,20,1,7,23,1,0,0,1,0,0,1,1,1,0,0,0,0,0,0,1,0,0,0,0,1,0,0
232,21,1,0,23,0,0,0,0,0,0,1,0,0,0,0,1,0,0,0,0,0,0,0,0,0,0,0
233,21,0,0,23,1,0,0,1,0,0,1,1,1,1,0,1,1,0,1,0,0,0,0,1,0,1,0
234,20,1,3,23,1,0,0,1,0,0,1,1,1,0,0,1,0,0,0,0,0,0,0,1,0,0,0
235,21,1,5,23,0,0,0,1,1,0,1,1,1,0,0,1,0,0,1,1,0,0,0,1,0,0,0
236,20,0,0,23,1,0,0,0,0,0,0,1,1,0,0,0,0,0,0,0,0,0,0,0,0,0,0
237,20,0,2,23,1,0,0,1,1,0,1,0,0,0,0,1,0,0,0,0,0,0,1,1,0,0,0
238,18,1,4,23,1,0,0,1,0,0,0,0,1,0,0,1,0,0,0,0,0,1,1,0,0,0,0
239,18,1,1,23,0,0,0,0,0,0,0,0,0,0,0,0,0,0,0,0,0,1,0,0,0,0,0
240,21,1,3,23,0,0,0,1,1,0,1,1,0,1,0,1,0,0,1,0,0,1,0,1,0,0,0
241,19,1,3,23,1,0,0,1,1,0,1,1,1,1,0,1,0,0,1,0,0,0,1,0,0,0,0
242,18,1,3,23,0,0,0,1,0,0,1,0,0,0,0,0,0,0,0,0,0,0,0,0,0,0,0
243,20,1,1,23,0,0,0,1,0,0,0,1,0,0,0,0,0,0,0,0,0,1,1,1,0,0,0
244,21,4,3,23,1,0,0,1,1,0,1,1,1,0,1,1,0,0,1,1,1,0,0,1,0,1,0
245,21,1,0,23,0,0,0,1,0,0,1,0,0,1,0,1,0,0,0,0,0,0,0,0,0,0,0
246,20,1,7,23,1,0,0,1,0,0,1,1,1,1,0,1,1,0,1,0,0,0,0,1,0,1,0
247,20,1,3,23,1,0,0,1,0,0,1,1,1,1,1,0,0,0,1,1,0,1,0,1,0,1,0
248,22,0,1,23,1,0,1,1,0,0,1,1,0,1,0,1,0,0,1,0,1,1,0,1,0,0,0
249,19,0,6,23,1,0,0,1,0,0,1,1,1,0,0,0,0,0,0,1,0,0,0,0,1,0,0
250,31,1,5,23,0,0,0,1,0,0,0,0,0,0,0,0,0,0,0,0,0,0,0,0,0,0,0
251,52,1,0,23,0,0,0,0,0,0,1,1,1,0,0,0,0,0,0,1,0,0,0,1,0,0,0
252,39,1,6,23,0,0,0,0,0,0,1,0,1,0,0,1,0,0,1,1,0,0,0,0,0,0,0
253,44,1,3,23,1,0,0,0,0,0,0,1,0,0,0,0,0,0,0,0,0,0,0,0,1,0,0
254,21,1,0,23,0,0,0,1,0,0,1,1,1,1,0,0,0,0,0,0,1,1,0,0,0,1,1
255,27,1,2,23,0,0,0,1,0,0,1,1,0,0,0,0,0,0,0,0,0,0,0,0,0,0,0
256,13,1,0,23,0,0,0,1,0,0,0,0,1,0,0,1,0,0,1,0,1,0,0,0,0,0,0
257,13,1,0,23,1,0,0,1,0,0,0,0,0,1,0,0,0,0,1,0,0,0,0,0,0,0,0
258,17,1,2,23,1,0,0,1,0,0,0,0,0,1,0,0,0,0,1,0,0,0,0,0,0,0,0
259,49,1,3,23,1,0,0,1,0,1,1,1,1,1,1,1,1,0,1,0,0,0,0,1,0,0,0
260,20,0,2,23,1,1,1,1,1,1,1,1,1,1,0,1,1,0,0,1,1,1,0,1,0,1,0
261,20,1,0,23,1,0,0,1,0,0,0,0,0,0,0,1,0,0,0,0,0,0,0,0,0,0,0
262,29,1,0,23,1,0,0,1,0,0,0,0,0,1,0,1,0,0,0,0,0,1,0,0,1,0,0
263,25,1,3,23,1,0,0,1,0,0,1,0,1,0,0,1,0,0,0,0,0,0,0,1,0,0,0
264,38,0,0,23,0,0,0,1,1,1,1,1,1,1,0,1,1,0,1,1,0,1,0,1,1,0,0
265,36,1,0,23,0,0,0,0,0,0,0,0,1,0,0,0,0,0,0,0,0,0,0,0,0,0,0
266,18,1,0,23,1,0,0,0,1,0,1,1,1,0,0,0,0,0,0,0,1,0,0,1,0,0,0
267,30,1,2,23,1,0,0,1,0,0,1,1,1,1,0,1,0,0,1,1,0,0,0,0,0,0,0
268,18,0,7,23,1,0,0,1,1,0,0,1,0,0,0,0,0,0,0,0,0,1,1,1,0,1,0
269,28,1,0,23,0,0,0,1,1,0,1,1,1,1,0,0,0,0,1,1,0,0,1,1,1,1,0
270,18,1,4,23,1,0,0,0,0,0,1,1,1,1,0,1,0,0,0,0,0,0,0,0,0,1,0
271,58,1,2,23,0,0,0,0,0,0,0,0,0,0,0,0,0,0,0,0,0,1,0,0,0,0,0
272,20,1,4,23,0,0,0,1,0,0,1,0,1,1,0,0,0,0,0,0,0,0,0,0,0,0,0
273,27,1,1,23,0,0,0,0,0,0,0,0,0,1,0,1,0,0,1,0,0,1,0,0,1,0,0
274,20,0,2,23,0,0,0,1,1,0,1,1,0,0,0,1,0,0,0,0,0,0,0,0,0,0,0
275,20,0,3,23,1,0,0,1,1,1,1,1,1,1,0,1,0,0,0,1,0,0,0,1,1,0,0
276,19,1,3,23,1,0,0,1,0,0,1,1,1,1,0,1,1,0,0,1,0,1,1,1,1,0,0
277,47,0,2,23,0,0,0,1,0,0,1,0,0,0,0,0,0,0,0,0,0,0,0,0,0,0,0
278,20,0,6,23,1,0,0,1,0,0,0,0,0,0,0,0,0,0,0,0,0,0,0,0,0,0,0
279,25,1,5,23,1,0,0,1,1,0,0,0,0,0,0,0,1,0,0,1,0,1,1,1,0,0,0
280,20,0,1,23,1,1,1,1,0,0,0,0,0,0,0,0,0,0,0,0,0,0,0,0,0,0,0
281,19,1,6,23,0,0,0,0,0,0,0,0,0,1,0,1,0,0,1,0,0,0,0,0,0,0,0
282,19,1,3,23,0,0,0,0,0,0,1,1,0,0,0,0,0,0,0,0,0,0,0,0,0,1,0
283,39,0,2,23,1,0,0,0,1,1,0,1,0,0,0,1,0,0,1,1,0,0,0,1,0,0,0
284,21,0,6,23,1,0,0,0,0,0,0,0,0,1,0,1,0,0,0,0,0,0,0,0,0,0,0
285,31,0,2,23,1,0,0,1,1,0,1,0,0,1,0,1,0,0,0,1,0,0,0,0,0,0,0
286,26,0,5,23,0,0,0,0,0,0,1,0,0,0,0,0,0,0,0,0,0,0,0,0,0,0,0
287,44,1,0,23,0,0,0,1,0,0,0,0,0,0,0,0,0,0,0,0,0,1,1,0,0,0,0
288,20,1,5,23,1,0,0,0,0,1,0,1,0,1,0,0,0,0,0,1,1,1,0,1,0,0,0
289,21,1,7,23,0,0,0,0,0,0,0,0,0,1,0,1,0,0,0,1,0,0,0,0,0,0,0
290,18,0,0,23,0,0,0,1,1,1,1,0,1,1,0,1,0,0,1,1,1,0,0,0,0,1,0
291,17,0,2,23,0,0,0,1,0,0,0,0,1,1,0,0,0,0,0,0,0,1,0,0,0,0,0
292,21,1,6,23,0,0,0,1,0,0,1,1,0,1,0,1,0,0,0,0,0,0,0,0,0,0,0
293,18,1,4,23,0,0,0,1,0,0,0,0,0,0,0,0,0,0,0,1,0,0,0,0,0,0,1
294,21,1,6,23,0,0,0,1,1,1,1,1,0,1,0,1,0,0,1,1,0,1,0,0,1,0,0
295,21,0,5,23,0,0,0,1,0,0,0,0,0,0,0,0,0,0,0,1,0,0,0,0,0,0,1
296,20,1,7,23,1,0,1,1,1,0,1,1,0,0,0,0,0,0,1,0,1,0,0,0,0,1,0
297,18,1,7,23,1,0,0,0,0,0,1,1,0,1,0,1,0,0,1,0,0,1,0,1,0,0,0
298,35,0,0,23,1,0,1,1,1,1,1,0,1,1,1,1,1,0,1,1,1,1,1,1,1,1,0
299,55,0,4,23,0,0,0,0,1,1,1,1,0,0,0,1,0,0,0,1,0,1,1,1,0,0,0
300,65,1,6,23,1,0,0,1,0,1,1,1,1,1,0,1,0,0,0,1,0,0,0,1,1,1,0
